id,Predictions
7173822,1
7171286,1
7171706,0
7176412,0
7178128,0
7178816,0
7179244,0
7188628,0
7188724,0
7169116,1
7188922,0
7189106,0
7169438,1
7169456,0
7177436,1
7178506,0
7173212,0
7173264,0
7173346,1
7173418,0
7173542,0
7196916,0
7197174,0
7197214,0
7201428,0
7202264,0
7203066,1
7203258,0
7204002,1
7204046,0
7209128,0
7179230,0
7175592,0
7211136,0
7179580,0
7211858,0
7175916,0
7179746,1
7212192,1
7180592,0
7217190,0
7180916,0
7180996,0
7181474,0
7177070,0
7177174,0
7181632,1
7182018,0
7182304,0
7177672,0
7177786,0
7187468,0
7218234,0
7183548,0
7184184,0
7188332,0
7188366,0
7188380,1
7218970,0
7195494,0
7196586,1
7224022,0
7198280,0
7198490,0
7204602,1
7205998,0
7213024,0
7225530,0
7225660,0
7224200,0
7227052,1
7186098,0
7191012,1
7191732,0
7191952,0
7192198,0
7194266,0
7199996,0
7200812,1
7201068,0
7201456,0
7201758,0
7208952,0
7216006,0
7217078,0
7221890,0
7222354,0
7181286,0
7181460,0
7181494,0
7233096,0
7181590,0
7233490,0
7233504,0
7233778,0
7224488,1
7234616,1
7234648,0
7183056,0
7237856,0
7237874,1
7183628,0
7171904,0
7231172,0
7172304,1
7236730,1
7190148,1
7195160,0
7238112,0
7238448,1
7197726,0
7202840,0
7203496,1
7203922,0
7204716,0
7205312,1
7205652,0
7210844,1
7210942,0
7211720,0
7216662,0
7216832,1
7217004,1
7218006,0
7218136,0
7222900,0
7238572,1
7173518,1
7177182,0
7177478,0
7178180,0
7179346,0
7185692,0
7186086,0
7187446,0
7194452,0
7195608,0
7195680,0
7200310,0
7200948,0
7230344,0
7230900,0
7202212,0
7202390,0
7231828,1
7231932,0
7232138,0
7195498,0
7237600,1
7237698,0
7208976,0
7196796,0
7196872,0
7197294,0
7214956,1
7215260,0
7198646,0
7198766,0
7215434,0
7198822,0
7215572,0
7216090,0
7204280,0
7216290,0
7204814,0
7205592,0
7206072,0
7217046,0
7212172,0
7213446,0
7213574,1
7213758,0
7214364,0
7218386,0
7218980,0
7219110,0
7220000,0
7221814,0
7229520,0
7230182,0
7235394,0
7235456,0
7235766,0
7236592,0
7236936,0
7178116,1
7178544,0
7185462,0
7185914,0
7186412,1
7187346,1
7193830,0
7195298,0
7195594,0
7200926,0
7201038,0
7201538,0
7243268,0
7202522,0
7202540,1
7243860,0
7203910,0
7248120,1
7209222,0
7209484,0
7252676,0
7252992,0
7253772,0
7216300,0
7216768,0
7217762,0
7219360,0
7169734,0
7224958,0
7172276,0
7172470,0
7174734,0
7171376,0
7171386,0
7171638,1
7171730,0
7172022,0
7172092,0
7172434,0
7224932,0
7225046,1
7225170,0
7226382,1
7226832,1
7182268,0
7175408,0
7183366,0
7183688,0
7183726,0
7183896,0
7184734,0
7184854,0
7184866,0
7176464,0
7176590,0
7232136,0
7232304,0
7189846,0
7176988,1
7241422,0
7246844,0
7238690,0
7191570,0
7196992,0
7197392,0
7197560,1
7197652,0
7198452,0
7203612,0
7210548,1
7212550,0
7218232,1
7223574,1
7223800,1
7224696,0
7225450,0
7226032,1
7230984,0
7232730,0
7238120,0
7238562,0
7263630,0
7244090,1
7244146,0
7244320,1
7244364,0
7244890,0
7176956,0
7176964,0
7179166,0
7245476,1
7245780,0
7244464,0
7177880,0
7246796,0
7244666,0
7251634,1
7249618,1
7250066,0
7250314,0
7252258,1
7250514,0
7255794,0
7259534,1
7259978,0
7264924,0
7265254,0
7265926,0
7266392,0
7266572,0
7270650,0
7271006,0
7271014,0
7273668,0
7252896,1
7184428,0
7184608,0
7185020,1
7191022,0
7191616,1
7192058,0
7192146,0
7198520,0
7198788,0
7199320,0
7199620,0
7205036,0
7205310,0
7205340,0
7206146,0
7207096,1
7212054,0
7212330,0
7213942,1
7214128,1
7214230,0
7214854,0
7219166,0
7220066,0
7220160,0
7274756,1
7274828,0
7274946,0
7275008,1
7221636,0
7275074,0
7225996,0
7226044,0
7278020,0
7278376,0
7278396,0
7226692,1
7227144,0
7227974,0
7177002,0
7232626,0
7177124,0
7177216,0
7177318,0
7233914,1
7223464,0
7234576,0
7224254,0
7239210,1
7239822,0
7240442,1
7231308,0
7236058,0
7236132,0
7236996,0
7241976,0
7241984,0
7242052,0
7242218,1
7242326,0
7253308,0
7240860,0
7184564,0
7186346,1
7191284,0
7192784,0
7193048,0
7204448,0
7204808,0
7204946,0
7204960,0
7205094,1
7206602,0
7254496,0
7207228,0
7211940,0
7212100,0
7254968,0
7255046,0
7255084,0
7213202,0
7258880,0
7214040,0
7214228,0
7259390,0
7218440,0
7260022,0
7260030,0
7260174,0
7260398,0
7218812,0
7219322,1
7219434,0
7173906,0
7178040,1
7225044,0
7225264,1
7225484,0
7225512,0
7225826,0
7226552,0
7232176,1
7232832,0
7233312,1
7233656,0
7238040,1
7235012,0
7239292,0
7239322,0
7240894,1
7241346,0
7246448,0
7246600,1
7247128,0
7239726,0
7248468,0
7248742,0
7248892,0
7253230,0
7253292,1
7254424,0
7254432,1
7255140,0
7255278,0
7180044,0
7180862,0
7181370,0
7182398,0
7182604,1
7183274,1
7260416,0
7261100,1
7264282,0
7264718,0
7264774,0
7265542,0
7195418,0
7183858,0
7181488,0
7181538,0
7184304,0
7185078,0
7185196,0
7189924,0
7190426,0
7191170,0
7192614,0
7198608,0
7198706,0
7198948,1
7199444,1
7200276,0
7207590,0
7207606,0
7207840,0
7208004,0
7208176,1
7209326,1
7215316,0
7216654,1
7217504,0
7217956,0
7223666,1
7224948,0
7225074,0
7231916,1
7232574,1
7234604,0
7235058,0
7253078,0
7239704,0
7253314,0
7256908,1
7242884,0
7187772,0
7179348,0
7180408,0
7181232,0
7181576,1
7254332,0
7181840,0
7182274,0
7186162,0
7255370,0
7186834,0
7258230,1
7187214,1
7262486,0
7262576,0
7267068,0
7264398,0
7267572,1
7271414,1
7271478,0
7272114,1
7272140,0
7272270,0
7276414,0
7277090,0
7279766,0
7280216,0
7282668,0
7282980,0
7240896,0
7192580,0
7193204,0
7193874,0
7199076,0
7199900,0
7200432,0
7200606,0
7206068,0
7207184,0
7212204,1
7212708,0
7213484,0
7217520,0
7218992,0
7219442,0
7223782,0
7224396,0
7283158,0
7236142,0
7236668,0
7237232,0
7237256,0
7241158,0
7183340,1
7184254,0
7184588,0
7247788,0
7185328,1
7248094,0
7244618,0
7248428,0
7248446,1
7248838,0
7249042,1
7180814,0
7253210,1
7253450,1
7245618,1
7245674,0
7253900,1
7245960,0
7257492,1
7250164,0
7257618,0
7250932,0
7251032,0
7251390,0
7251916,0
7251956,0
7252002,0
7255654,1
7256120,0
7256190,0
7256838,0
7256954,0
7262594,0
7262622,0
7266670,0
7267702,1
7186036,0
7187016,1
7187436,0
7188340,0
7194256,1
7194282,0
7195772,1
7196172,1
7196482,1
7200662,0
7200676,0
7201198,1
7209014,0
7209170,1
7210030,1
7216046,0
7216940,1
7221530,0
7221592,1
7223608,0
7270794,0
7229862,0
7229954,0
7230282,0
7271166,0
7230490,0
7239990,0
7236050,0
7236466,0
7183584,0
7237032,0
7237680,0
7237872,0
7242254,0
7243514,0
7243378,0
7243588,0
7243686,0
7243912,1
7179486,0
7247610,0
7247642,0
7248484,0
7248756,0
7249908,0
7254774,0
7255462,0
7255796,0
7259226,0
7259596,0
7260390,1
7260400,0
7180348,0
7180714,0
7186876,0
7187218,0
7194734,1
7195914,0
7196026,1
7201178,1
7201650,0
7202402,1
7210026,1
7216458,1
7216700,0
7217430,0
7218040,0
7223900,0
7224114,0
7265602,1
7225520,0
7225548,0
7265770,0
7226280,0
7231010,0
7269156,0
7232202,0
7269524,0
7269616,1
7269754,0
7269794,0
7233762,0
7238974,0
7244942,1
7245200,0
7246142,0
7196040,0
7251678,1
7252742,0
7252860,0
7256694,0
7256772,1
7207384,0
7257012,0
7264568,0
7171326,0
7171456,0
7171566,0
7171678,0
7171686,0
7171782,1
7171912,0
7177366,0
7172148,0
7178564,0
7179146,0
7172360,1
7184606,0
7174930,0
7189386,0
7180818,0
7174994,1
7181084,0
7189770,0
7175226,0
7190748,0
7175748,1
7175780,1
7264984,0
7265136,0
7197690,0
7266134,1
7269874,0
7270022,0
7270404,0
7270670,0
7270966,0
7274582,0
7275136,0
7275280,0
7275382,0
7275474,0
7275478,0
7275494,0
7275878,1
7279102,0
7279340,0
7280020,0
7280164,0
7199152,0
7235730,0
7236284,0
7247696,0
7253604,1
7258804,0
7259448,0
7260446,0
7281290,0
7265018,1
7269386,0
7281698,0
7270300,0
7179036,0
7179262,1
7273758,0
7182370,1
7187794,0
7274970,0
7275026,1
7275298,0
7278050,0
7278216,0
7278342,0
7192424,0
7278578,0
7193106,1
7261918,0
7279352,0
7279460,0
7262284,0
7281718,0
7262790,1
7281810,1
7266750,0
7267278,0
7267286,0
7270852,0
7270900,0
7270922,0
7271494,0
7274936,0
7200180,0
7210352,0
7215486,0
7217788,0
7222570,0
7224046,0
7225582,0
7238082,1
7238396,0
7238862,1
7238968,0
7244156,0
7244304,0
7250606,0
7275676,0
7252254,0
7252358,1
7277218,1
7277254,1
7256982,0
7257184,1
7257724,0
7277420,1
7277442,0
7258246,0
7254594,0
7254628,0
7254672,0
7254726,0
7179302,1
7262980,0
7179700,0
7180376,1
7267400,0
7181450,1
7271968,0
7272280,0
7272424,0
7190274,0
7276660,0
7280400,1
7280420,0
7264468,0
7265304,0
7269326,1
7273312,0
7273684,0
7282736,1
7274202,0
7190688,0
7191062,0
7191286,0
7191518,0
7192106,0
7197316,0
7197646,1
7199090,0
7204672,0
7204700,0
7205722,1
7205738,0
7206706,0
7211696,0
7211738,0
7212482,0
7219634,0
7219972,0
7220714,0
7225840,0
7225910,0
7225974,0
7226056,0
7226676,0
7227504,0
7232374,1
7232592,0
7232608,0
7239684,0
7239988,0
7240416,0
7241144,0
7276606,0
7276622,0
7245602,0
7276840,0
7251244,0
7277676,0
7277810,0
7256820,0
7256944,0
7256968,1
7258010,0
7182724,0
7267466,0
7267992,0
7268092,0
7169692,0
7268590,0
7271556,0
7257536,0
7257600,0
7257908,0
7275754,0
7258674,1
7280316,1
7280386,0
7280406,0
7267804,0
7280626,0
7280666,0
7268466,0
7268708,0
7268824,0
7169762,0
7169904,0
7169920,0
7170398,1
7170406,0
7172046,0
7172154,0
7172306,0
7172322,1
7172936,1
7176328,0
7176882,0
7176912,0
7177148,0
7177162,0
7181446,0
7273660,0
7275994,1
7276328,0
7188698,1
7193218,0
7193464,0
7195690,0
7197004,0
7200810,0
7201528,0
7201958,1
7202564,1
7203148,0
7203752,0
7204110,1
7208632,1
7209770,1
7210210,0
7219382,1
7225384,0
7226068,0
7230524,0
7230554,0
7238768,0
7238904,1
7239282,0
7239784,1
7239888,0
7240266,0
7244898,0
7246502,1
7251946,0
7257874,0
7258174,0
7258626,0
7258814,0
7263746,1
7263812,0
7189152,0
7189486,0
7189522,1
7190682,1
7190730,0
7269094,0
7198112,0
7273016,0
7273046,0
7199420,0
7273116,0
7273610,0
7284022,0
7285018,0
7194086,0
7204910,1
7286210,0
7207796,0
7212716,0
7213414,0
7221376,0
7221422,0
7221670,0
7221838,1
7222296,0
7222596,1
7227790,0
7229226,0
7236436,0
7237180,1
7242754,0
7243780,0
7244246,0
7249596,0
7255466,0
7255702,0
7255890,0
7260986,0
7261174,0
7261218,0
7265130,1
7265164,0
7265640,0
7266080,0
7266216,0
7269736,0
7181992,0
7182670,0
7182970,0
7184106,0
7190022,0
7271066,0
7191292,0
7191330,0
7191344,0
7188030,0
7188104,0
7274758,0
7275092,1
7277984,0
7278356,0
7194176,0
7278958,0
7283058,0
7279368,0
7283172,0
7194540,1
7283184,0
7281186,0
7283238,0
7284504,0
7284532,0
7281390,0
7281528,0
7284670,0
7284826,0
7284862,1
7284904,1
7285542,0
7285630,0
7285670,0
7202006,0
7203372,0
7208358,0
7208784,0
7208936,0
7215050,0
7216324,0
7221328,1
7221594,0
7222934,1
7223028,0
7229070,0
7229184,0
7235612,0
7236038,0
7241098,0
7245908,0
7246232,1
7246550,0
7246914,0
7247568,0
7252386,0
7252990,0
7286412,0
7257936,1
7178200,0
7178386,0
7261468,1
7261570,0
7179932,0
7261876,1
7187304,0
7263100,1
7266500,0
7266532,0
7266874,0
7266978,0
7267460,0
7271926,0
7282816,0
7283026,0
7283098,0
7283136,0
7284248,0
7284446,0
7284518,0
7285206,0
7285264,0
7285876,0
7191244,0
7196960,0
7203464,0
7203970,1
7203992,0
7204604,0
7204778,0
7205626,0
7212316,1
7231878,0
7232314,0
7232972,0
7233014,0
7239780,0
7241208,0
7244842,0
7245206,0
7246076,0
7246774,0
7246816,0
7250712,0
7256696,0
7257368,0
7257904,0
7258328,0
7262062,1
7263314,0
7272008,0
7272472,1
7173032,0
7173208,1
7173428,0
7182596,0
7183788,0
7184626,0
7184908,1
7173470,0
7190720,0
7191270,0
7192192,0
7193208,0
7194854,0
7198542,0
7176054,0
7195126,1
7195808,0
7176828,1
7177270,0
7200700,0
7201032,0
7277574,0
7278972,1
7280964,0
7281006,0
7281272,1
7281432,1
7281706,1
7212942,0
7213330,1
7213792,0
7214012,0
7214166,0
7214222,0
7219186,0
7219498,0
7220778,0
7224902,1
7225432,0
7226576,0
7230440,0
7230450,0
7231430,0
7235868,1
7235896,1
7236720,0
7236778,0
7236942,0
7237486,0
7241628,0
7242038,0
7242766,1
7242804,0
7242888,1
7242954,0
7247752,0
7248338,0
7251936,0
7257222,1
7261150,0
7261410,1
7261762,1
7182156,0
7184726,0
7185182,0
7185242,0
7185252,0
7190808,0
7264842,0
7264862,0
7192616,1
7265546,1
7265604,1
7199374,0
7265980,1
7269932,1
7283326,0
7283394,0
7273454,0
7283434,0
7283644,0
7284876,0
7285462,0
7285484,0
7205218,0
7213102,0
7214096,0
7214136,0
7214348,0
7219722,1
7221562,1
7226304,0
7233560,1
7234078,1
7234344,0
7235302,1
7235314,0
7239604,0
7240290,0
7240708,0
7241860,0
7245578,1
7246382,0
7251276,0
7257578,0
7258508,0
7258692,0
7258872,0
7262950,0
7263236,0
7285494,0
7264050,0
7184118,0
7184152,0
7184158,1
7184172,0
7184250,0
7184562,1
7185106,0
7190040,0
7267492,0
7267800,0
7192136,0
7198206,1
7198644,0
7199670,1
7276048,0
7276312,0
7276338,0
7276536,0
7279586,1
7279906,0
7281816,0
7280118,0
7282280,1
7283448,0
7283474,0
7283492,1
7282214,0
7283764,0
7204102,0
7283988,0
7197622,0
7211116,0
7217800,0
7217828,0
7219046,0
7219562,0
7225338,1
7225946,0
7226562,1
7226662,0
7233190,0
7240630,0
7246124,1
7174268,0
7255688,0
7174656,0
7174710,0
7174842,0
7256274,0
7177760,0
7256784,0
7260326,0
7178850,0
7260898,0
7261298,0
7172992,0
7265344,0
7265444,0
7173010,0
7265690,0
7272866,0
7272964,1
7270166,0
7273282,0
7274320,0
7274930,1
7277722,1
7274950,0
7180938,0
7173412,0
7173448,0
7173634,0
7173766,0
7173802,0
7173914,1
7173916,0
7173930,0
7186750,0
7177104,0
7177210,0
7177890,0
7178358,0
7178420,0
7179384,1
7185068,0
7185296,0
7185490,0
7185510,0
7185686,0
7186030,0
7187454,0
7192878,1
7279748,0
7193910,0
7193970,1
7194356,1
7280058,0
7170160,0
7170530,1
7207652,1
7208044,0
7208062,0
7208202,0
7215382,0
7215866,1
7221262,0
7222476,0
7222798,0
7223268,0
7223762,0
7230670,0
7231200,1
7236220,0
7237876,1
7238996,0
7244262,0
7251024,0
7251498,0
7256492,1
7256848,1
7256946,0
7257008,0
7257576,0
7261760,0
7262006,0
7262166,0
7262602,0
7262964,0
7263286,0
7263436,0
7263538,0
7266914,0
7274062,0
7175822,0
7175970,0
7176118,0
7181132,0
7181986,0
7188112,0
7206454,1
7195892,0
7206980,0
7207908,0
7208248,0
7271756,0
7271892,1
7272056,0
7208756,0
7214756,0
7215022,0
7215530,0
7277014,1
7215868,1
7222278,0
7222870,0
7230606,0
7230880,1
7238152,0
7238174,0
7238618,0
7238926,0
7243454,0
7244218,0
7245036,1
7245208,0
7249368,0
7249386,0
7249528,0
7249776,0
7250050,0
7254898,0
7256034,0
7256672,0
7261096,0
7261520,0
7261594,0
7261614,0
7264980,0
7170332,0
7170694,0
7170844,0
7170866,0
7173630,1
7173848,0
7269610,0
7173980,1
7174106,0
7174120,0
7177512,0
7177738,0
7177936,0
7179402,0
7270420,0
7181858,0
7270788,0
7206140,0
7188600,0
7274036,0
7207108,0
7275150,0
7275192,0
7212078,1
7282568,1
7282676,0
7279400,1
7283508,0
7283652,0
7283708,0
7281092,1
7281100,0
7281122,0
7284040,0
7189992,0
7214170,1
7219452,0
7220652,0
7220828,0
7221206,0
7221704,1
7226106,0
7228098,0
7228232,1
7234214,0
7235858,1
7246862,0
7246956,0
7248198,0
7248208,0
7252912,0
7254204,0
7254328,0
7257996,0
7258698,0
7258758,0
7258964,0
7262636,0
7263342,0
7263402,0
7263540,1
7263914,0
7174632,0
7268262,0
7175280,0
7175332,0
7175550,1
7179270,0
7180124,1
7180656,0
7268564,0
7181014,0
7181226,0
7181546,0
7181782,0
7188602,0
7189028,1
7269236,0
7272654,1
7190756,0
7273266,0
7187262,0
7274126,0
7274166,0
7277858,0
7277878,0
7278386,1
7277978,0
7278428,0
7278516,1
7280938,0
7192800,0
7196936,1
7198020,0
7195886,0
7200280,1
7202078,0
7207412,0
7207420,0
7207762,0
7208318,0
7208826,1
7209024,0
7214614,0
7214846,0
7215246,1
7215320,0
7215402,0
7216050,1
7221034,0
7221388,0
7221564,0
7227956,0
7228454,1
7228558,1
7228776,0
7229422,0
7229532,0
7169828,0
7234892,0
7169958,1
7235076,0
7243086,1
7243510,0
7247480,0
7248160,0
7248396,0
7249036,1
7249230,0
7253718,0
7253830,0
7254366,0
7277636,0
7170944,0
7279652,0
7172822,0
7280140,0
7173234,0
7208908,0
7280664,0
7209090,0
7217280,1
7221274,0
7221852,0
7221912,1
7229282,0
7229490,0
7235756,0
7197096,0
7236002,1
7281210,0
7281268,0
7281388,0
7239576,0
7239832,0
7214890,1
7219438,1
7219926,0
7220268,1
7221268,0
7221278,0
7221842,0
7203404,0
7229574,0
7203550,0
7203870,0
7281406,1
7281478,0
7213406,0
7214578,0
7221242,1
7221762,0
7222372,0
7222478,0
7254636,0
7254666,1
7228764,0
7234810,0
7234920,0
7234944,0
7235614,0
7236666,0
7256304,1
7239620,1
7171042,0
7171064,1
7173800,0
7171074,1
7171154,0
7210552,0
7192872,0
7227194,0
7230092,0
7231858,0
7190906,0
7195488,0
7230248,0
7219256,0
7177306,0
7178216,1
7201746,0
7203676,0
7244124,0
7248704,1
7208942,0
7249792,0
7169784,0
7171362,0
7172538,0
7176838,0
7233830,0
7191180,0
7224428,0
7239654,0
7243490,0
7269550,0
7176604,0
7176708,0
7224122,0
7229912,0
7231174,0
7240560,0
7247888,0
7185746,0
7206920,0
7233306,0
7234468,1
7239718,0
7238892,0
7241076,0
7174274,0
7174714,0
7181764,0
7265782,0
7200538,1
7209030,0
7216424,1
7179774,0
7249182,1
7187228,0
7178826,0
7184922,1
7247170,1
7185062,0
7250456,0
7251674,0
7271264,0
7178868,1
7243568,0
7201324,0
7217972,0
7224732,1
7231102,0
7184228,0
7174942,0
7197750,0
7271176,0
7275466,0
7275490,0
7280190,1
7265898,0
7274910,0
7270712,0
7199666,0
7216886,1
7252402,0
7268318,0
7255068,0
7268920,0
7268944,1
7269230,0
7233106,0
7180726,0
7256768,0
7262822,0
7263356,0
7272426,0
7176936,0
7276290,0
7179380,1
7216518,1
7218748,0
7231032,0
7240726,0
7245496,0
7253814,0
7258856,1
7259544,0
7189556,1
7193838,0
7265088,0
7285146,0
7255402,0
7256056,0
7265032,1
7183250,1
7283234,0
7281344,0
7256542,0
7266698,0
7196600,0
7203598,0
7205242,0
7240658,0
7246894,0
7250944,1
7172624,0
7182230,0
7191296,1
7175946,0
7175974,0
7195266,0
7176388,0
7176462,0
7282018,0
7282332,1
7212906,0
7220860,0
7235994,0
7242528,0
7252034,0
7256762,0
7257610,0
7260906,1
7260928,0
7185232,0
7269492,0
7214340,0
7220152,0
7226592,0
7227838,0
7247640,1
7251728,0
7258198,0
7267398,0
7279784,0
7282498,1
7205214,0
7210642,1
7240374,0
7245252,1
7180094,0
7185768,0
7188078,1
7192756,0
7208280,1
7175004,0
7250022,0
7250244,1
7250522,0
7181364,0
7170868,0
7173826,0
7211666,0
7282990,0
7175138,0
7268856,0
7269100,1
7272500,0
7198084,0
7202066,0
7253686,1
7208274,0
7220278,0
7222044,0
7229328,0
7233578,0
7221050,0
7256586,0
7170744,0
7171690,0
7173236,0
7179610,0
7180978,0
7170434,0
7219638,0
7169994,0
7201532,1
7201980,0
7233472,0
7234352,0
7235688,0
7170022,0
7190522,0
7196466,1
7223640,0
7198618,0
7212358,1
7220634,1
7221318,0
7217986,1
7185808,1
7201524,0
7169636,0
7190562,1
7190792,0
7202672,0
7205842,0
7223714,0
7238204,0
7176914,1
7178018,0
7250488,0
7255016,0
7255490,0
7265490,0
7270914,0
7185538,1
7192394,0
7204828,0
7274558,0
7227174,1
7232360,0
7177328,0
7224778,0
7229546,0
7247838,0
7248500,0
7185446,0
7191916,0
7206142,0
7174052,0
7233124,0
7234124,0
7242030,0
7248782,0
7255148,0
7184566,0
7198784,0
7199056,0
7240464,1
7254954,0
7186054,0
7259194,0
7200390,0
7223952,1
7229060,1
7235692,0
7179024,0
7184776,0
7255726,0
7262734,1
7202808,0
7270834,0
7183014,0
7235912,0
7241698,0
7248778,0
7255136,0
7186104,0
7194276,0
7196090,0
7209476,0
7264750,0
7269656,0
7238884,0
7240774,0
7245422,0
7256670,0
7177998,0
7175632,0
7270390,1
7275710,1
7214770,0
7264410,0
7264490,0
7281376,0
7265672,1
7180240,0
7270860,0
7208714,1
7224992,1
7233414,0
7251042,0
7251570,1
7258002,0
7179102,1
7255332,0
7272874,1
7191710,1
7198760,0
7204516,0
7276538,0
7241218,1
7245676,0
7277936,0
7263318,0
7258080,0
7262876,0
7176852,0
7276214,0
7276282,0
7186546,0
7179150,1
7246008,0
7246680,0
7252814,0
7253464,0
7197204,0
7197498,1
7206422,1
7207104,0
7248734,1
7264910,0
7265154,0
7269596,0
7191358,0
7283232,0
7281400,0
7192268,0
7246812,0
7282884,0
7285286,1
7198210,1
7217752,0
7232700,0
7233486,0
7285952,0
7245168,0
7286436,0
7252090,0
7262016,0
7276988,0
7213780,0
7231856,0
7247360,0
7260994,0
7192960,1
7265660,0
7197366,0
7284938,0
7259292,1
7263774,0
7194598,0
7276588,0
7282000,0
7203632,0
7204078,0
7209978,0
7260566,0
7265228,0
7274328,0
7221528,0
7222436,0
7237710,0
7261772,0
7262388,1
7175262,0
7180326,0
7181676,0
7189282,0
7207310,0
7276876,0
7277820,0
7278554,1
7261034,1
7173894,1
7269618,0
7274778,0
7282540,0
7241598,0
7242796,0
7253438,0
7259602,0
7267704,0
7275240,0
7268448,0
7189754,0
7277656,1
7197360,0
7209046,0
7214660,0
7228338,1
7234736,0
7236702,0
7243806,1
7280446,0
7223490,0
7281524,1
7239976,0
7281056,0
7237104,0
7237606,1
7171372,0
7173666,1
7173674,0
7171000,0
7171632,1
7176984,0
7203576,0
7210732,0
7217140,0
7190606,0
7185342,0
7204264,0
7207266,0
7217014,0
7227678,0
7222046,1
7188046,0
7237624,0
7238030,0
7176858,0
7177582,0
7186072,0
7192552,1
7225198,0
7169092,0
7210492,0
7205374,0
7194748,0
7244098,0
7209262,0
7252558,1
7216312,0
7217214,0
7224804,0
7183580,0
7264204,0
7178842,0
7249108,1
7266288,0
7269812,0
7273868,0
7199066,0
7207064,0
7220002,0
7275164,1
7226454,0
7230574,1
7197960,1
7205316,0
7206756,1
7231444,1
7246092,0
7253690,1
7254454,1
7191074,1
7192698,0
7199802,0
7202142,0
7202188,0
7207624,0
7215346,1
7224070,0
7227086,1
7240678,0
7241256,0
7186984,0
7271524,0
7282484,0
7218032,0
7179276,0
7249004,0
7266802,0
7196034,0
7271016,0
7259426,0
7264116,0
7193104,0
7224606,0
7233582,0
7251002,0
7202360,0
7203964,0
7172604,1
7191822,0
7274884,1
7279502,0
7254578,0
7265738,0
7274846,0
7186874,0
7192538,0
7271260,0
7274986,0
7231680,0
7232366,0
7250424,0
7258408,0
7178612,0
7262690,0
7180788,0
7184602,0
7276652,0
7260026,0
7273632,0
7199570,1
7245194,0
7180584,0
7267184,0
7267720,1
7257774,0
7258312,0
7262966,0
7263156,0
7169936,1
7275894,1
7275980,0
7185880,0
7210984,1
7211082,0
7238760,0
7206406,0
7207448,0
7243982,0
7248530,0
7270414,0
7183964,0
7284526,0
7285524,0
7194872,0
7201940,0
7209596,0
7216434,0
7242166,0
7272102,0
7284116,0
7284546,0
7206054,0
7250616,0
7252078,0
7263766,0
7268822,1
7184494,0
7184842,1
7191684,0
7281402,0
7248438,0
7284848,0
7221066,0
7241486,0
7264276,0
7271522,1
7282258,0
7280536,0
7283488,1
7218794,0
7232392,0
7174462,0
7174944,0
7178656,0
7261460,0
7261736,0
7177882,0
7178486,0
7192346,0
7192408,0
7280126,1
7236832,0
7245974,0
7250448,0
7189050,0
7196756,0
7207992,0
7274334,0
7229322,0
7237246,0
7173698,0
7270318,0
7274322,1
7282504,0
7282596,0
7283822,0
7284044,0
7228634,0
7247090,0
7252292,0
7258466,0
7263220,0
7175374,0
7181418,1
7189830,0
7221336,1
7249548,0
7235432,0
7281216,0
7197396,0
7213862,0
7255346,0
7177350,0
7196712,0
7202552,1
7188074,0
7211938,0
7225296,0
7192160,0
7193202,0
7201486,0
7216398,0
7216756,0
7188848,0
7202516,0
7219122,0
7173006,0
7173538,0
7185806,1
7195766,0
7238280,0
7209794,0
7186626,0
7201078,0
7202712,1
7243984,0
7203816,1
7172736,0
7198506,0
7203698,0
7239992,0
7250396,1
7250524,0
7255006,0
7270178,0
7199026,0
7206002,0
7206672,1
7176596,0
7253584,0
7254022,0
7185012,0
7205946,0
7213810,0
7213926,0
7218876,1
7226810,1
7232788,0
7247798,0
7248930,1
7185102,0
7208080,0
7210276,0
7217996,1
7179460,0
7258390,1
7271480,0
7282684,0
7193996,1
7200924,0
7244556,0
7243106,1
7248724,0
7257878,1
7262412,0
7188662,0
7195006,1
7215210,0
7221570,0
7180264,0
7193206,0
7196458,1
7201776,0
7216872,0
7264740,1
7269020,1
7171644,0
7183994,0
7191836,0
7265292,0
7275698,0
7275846,0
7279558,1
7279588,0
7229024,0
7274326,0
7186932,0
7270664,0
7201170,0
7216668,0
7262704,0
7185550,1
7276084,0
7234614,0
7240750,0
7257838,0
7261992,0
7272972,0
7170004,0
7188518,0
7195268,0
7217840,0
7245784,0
7222684,0
7244040,1
7248506,0
7255882,0
7269692,0
7270770,1
7191572,0
7283090,0
7285588,0
7197216,1
7202252,0
7216408,0
7222888,0
7251552,0
7266324,0
7267676,0
7271592,1
7271744,1
7282490,0
7285118,0
7196932,0
7231912,0
7241372,1
7245700,0
7256918,0
7262482,0
7181748,0
7281012,0
7281266,0
7231044,0
7247432,0
7252142,0
7193880,0
7269900,0
7211992,0
7219236,0
7240794,0
7246160,0
7247252,0
7252554,0
7253596,0
7258926,0
7184696,0
7195182,0
7279734,0
7279930,0
7282088,0
7204344,0
7239012,0
7266362,1
7277614,0
7180320,0
7173928,0
7186738,0
7176586,0
7178374,0
7222488,0
7223908,0
7230796,0
7258254,0
7267018,0
7276966,1
7224920,0
7256102,0
7170940,1
7274674,0
7282454,0
7282672,0
7213306,0
7233238,0
7247068,1
7252396,0
7263068,0
7175164,0
7272930,0
7195482,0
7227558,1
7233982,0
7236690,0
7248738,0
7217162,0
7222678,0
7213050,0
7214336,0
7281214,0
7232996,1
7227946,0
7235580,0
7236390,0
7173658,0
7203960,0
7217198,0
7217252,0
7189716,0
7195764,0
7211028,0
7225156,0
7226482,0
7193888,1
7200542,0
7208940,0
7217322,0
7228284,0
7231156,0
7236450,0
7203686,0
7218910,0
7223388,0
7223622,0
7172772,1
7185724,0
7185980,0
7186810,0
7202466,0
7237188,0
7240426,0
7216320,0
7205512,0
7217254,0
7213328,0
7221688,0
7177632,0
7202416,0
7243494,0
7169566,0
7171578,0
7184800,0
7254652,0
7210936,0
7217270,0
7244770,0
7244920,0
7254654,1
7265110,0
7266276,0
7266518,0
7269758,1
7270200,0
7193528,0
7274478,0
7278118,0
7177208,1
7249674,0
7186550,1
7211872,0
7212170,0
7260142,0
7240466,1
7241290,0
7253258,0
7174136,0
7175422,0
7259436,0
7261148,0
7180612,0
7218580,0
7240872,0
7241854,0
7247268,0
7247504,1
7255318,0
7267048,0
7276952,0
7280572,1
7200698,0
7219058,0
7229668,0
7257778,0
7261664,0
7267334,0
7186848,0
7229076,0
7235336,0
7242216,0
7243558,0
7254442,0
7264458,1
7195122,0
7202026,0
7209406,0
7217156,1
7268770,0
7231704,0
7171322,0
7172406,1
7175062,0
7185416,0
7197192,0
7270240,0
7278992,0
7185482,0
7199218,0
7275290,0
7281962,1
7282026,0
7267084,0
7270960,0
7215228,0
7225550,1
7240066,0
7257916,0
7255100,0
7255594,0
7259368,0
7197888,0
7232518,0
7232532,0
7256830,0
7271802,0
7275982,0
7179578,0
7196858,0
7201080,0
7223004,0
7252132,0
7252482,0
7282124,1
7183064,0
7273176,0
7215190,0
7235486,0
7237622,1
7255768,0
7188086,0
7202640,0
7228490,0
7286410,0
7261752,0
7261898,0
7262352,0
7266564,0
7285110,0
7285154,0
7285852,0
7205790,0
7261886,0
7190736,0
7199280,0
7200498,1
7278772,1
7225288,1
7235976,0
7247212,0
7260768,0
7190938,0
7269788,0
7285398,0
7240758,0
7251874,0
7252300,0
7257268,0
7279844,0
7282372,1
7280592,0
7204052,0
7204146,0
7209354,0
7245668,0
7174392,0
7174438,0
7276534,0
7277794,0
7275024,0
7178274,0
7194150,0
7207678,0
7216466,0
7223418,1
7239474,1
7244310,0
7245266,0
7251374,0
7180198,1
7182640,0
7194312,0
7195468,1
7195740,1
7216512,0
7239256,0
7249976,0
7256718,0
7266230,0
7211774,0
7281078,0
7246766,0
7252976,0
7263866,0
7189772,0
7278226,0
7200126,0
7216342,1
7236082,0
7279916,1
7227880,0
7215224,0
7236904,0
7237002,0
7171098,0
7172456,1
7170088,1
7172966,0
7173324,1
7178942,0
7201510,0
7203884,0
7176924,0
7205318,1
7217708,0
7218240,0
7191942,0
7199422,0
7222508,0
7235338,0
7197144,0
7210852,1
7179640,0
7194280,0
7203070,0
7216828,0
7206342,0
7210726,0
7214480,0
7229158,0
7186908,0
7243714,0
7204260,0
7253862,0
7209616,0
7169608,0
7169758,0
7171428,1
7224916,0
7183376,0
7176208,0
7190980,0
7232490,1
7238408,0
7250120,0
7255294,0
7255712,0
7264824,0
7265522,0
7192860,0
7198810,0
7207002,0
7207074,0
7220422,0
7278024,0
7226476,1
7228030,0
7177184,0
7223054,0
7229866,0
7240550,0
7242272,0
7249600,0
7205930,0
7207068,0
7254904,0
7255206,0
7258920,0
7260114,0
7225280,0
7225058,0
7238014,0
7240138,0
7192874,1
7260298,0
7260948,0
7199016,0
7200522,0
7215326,1
7225700,0
7186912,1
7247662,0
7257852,1
7259428,0
7262426,0
7261038,0
7275716,0
7283052,0
7200096,0
7205834,1
7211306,0
7223308,1
7235436,0
7248020,1
7267670,0
7210294,0
7217442,0
7235144,0
7235864,0
7241658,0
7242634,0
7248548,0
7193700,0
7223538,0
7269290,0
7269496,0
7238870,0
7245126,0
7246238,0
7246468,0
7202276,0
7202800,0
7205162,0
7190568,0
7191860,0
7275122,0
7242922,0
7264114,1
7278062,1
7281562,1
7281584,0
7281652,0
7266610,0
7266858,0
7207464,0
7232018,0
7258296,0
7179896,1
7181008,1
7272082,0
7260092,0
7273474,0
7232110,1
7274356,0
7277352,1
7181774,0
7258228,0
7269208,0
7183730,0
7185938,0
7216400,0
7218166,0
7238550,0
7259824,1
7189298,0
7284964,0
7286026,0
7183124,0
7270534,0
7284618,0
7202392,0
7251116,0
7284428,1
7284448,0
7276212,0
7279104,0
7212154,0
7182916,0
7182806,0
7281226,1
7281654,0
7281716,0
7281756,0
7182014,0
7213770,1
7247310,0
7260692,0
7182758,0
7270362,0
7226234,0
7228528,0
7240496,0
7247116,0
7258902,0
7199220,0
7197528,1
7280472,0
7280566,0
7202104,0
7239316,0
7244286,0
7244758,0
7272638,0
7192182,0
7192768,0
7283246,0
7243424,0
7266990,0
7276532,0
7223166,0
7230516,1
7238984,0
7245010,0
7249756,1
7249994,0
7170918,1
7174032,0
7189272,0
7278114,1
7213154,1
7220040,1
7220192,1
7228494,0
7242228,0
7263242,0
7189988,0
7273964,1
7227904,0
7219646,0
7221892,0
7227928,0
7232540,0
7230274,0
7234770,0
7171460,0
7170150,0
7173872,0
7169062,0
7169418,0
7201728,0
7176060,0
7180522,0
7181724,0
7196896,0
7211620,0
7225212,0
7208072,0
7210024,0
7223356,0
7230910,1
7197650,0
7202806,0
7210106,0
7172782,0
7225320,0
7194584,0
7240158,0
7220328,0
7237954,0
7192854,0
7195868,0
7217480,0
7172188,0
7184672,0
7176888,0
7191406,0
7198420,0
7224730,0
7177598,1
7249820,0
7249900,0
7265186,0
7270158,0
7270862,0
7199882,0
7278950,0
7230444,0
7177802,1
7185326,1
7198692,1
7204832,0
7174002,0
7220756,0
7239668,0
7253598,0
7254274,1
7179788,0
7259254,0
7193994,0
7264266,0
7225334,0
7247182,0
7247638,0
7262960,0
7276802,0
7282510,0
7188754,0
7188806,0
7230968,0
7266796,0
7201794,0
7237518,0
7241998,0
7244488,0
7249346,1
7193708,0
7223192,0
7232872,0
7238704,0
7239838,0
7205352,0
7171588,0
7265506,0
7274634,0
7275628,0
7280390,0
7226824,0
7227762,0
7228432,0
7247064,0
7281296,0
7281424,0
7179776,0
7180176,0
7181600,0
7274874,1
7279444,0
7271002,0
7225596,0
7230686,0
7232094,0
7257326,0
7277400,1
7263600,0
7184338,0
7186466,1
7259064,0
7277492,1
7220416,1
7220482,1
7225524,0
7239886,0
7182518,0
7268348,0
7172956,0
7175872,0
7187592,0
7202316,0
7226440,0
7232748,1
7246986,0
7247328,1
7182522,0
7193580,0
7284132,0
7286208,0
7214680,0
7250288,0
7260328,0
7278814,0
7284718,0
7285732,0
7195292,0
7208066,0
7208650,0
7246422,0
7275608,0
7197402,1
7211564,0
7225064,0
7226310,0
7241278,0
7246820,0
7250446,0
7258250,0
7271976,0
7184940,0
7177134,0
7200534,0
7247450,1
7257364,1
7184320,0
7265908,0
7273462,0
7207286,0
7211764,1
7252656,0
7252750,0
7184798,0
7276234,0
7279466,0
7280518,0
7225148,0
7238860,1
7284330,0
7255264,0
7178350,0
7261358,0
7266528,0
7277462,0
7279726,0
7221382,0
7256518,0
7189334,0
7194324,0
7209572,0
7215588,0
7216414,1
7238864,0
7282364,0
7174110,1
7174456,0
7212538,0
7283750,0
7221180,0
7248466,0
7259532,0
7268312,0
7186974,0
7277166,0
7277738,0
7215002,1
7215892,0
7170118,1
7248642,0
7280490,0
7280498,0
7236554,1
7281602,0
7222234,0
7254834,0
7174618,0
7169694,0
7171604,1
7169454,1
7197844,0
7197864,0
7205854,0
7208380,0
7230008,0
7172330,1
7190842,0
7203046,0
7204478,0
7216848,0
7223804,0
7178634,0
7229906,1
7230110,1
7196708,0
7216130,0
7205348,0
7220346,0
7229398,0
7169310,0
7202554,0
7243772,0
7253422,0
7171696,0
7172576,1
7225024,1
7172084,0
7172292,0
7189932,0
7198282,0
7198624,0
7212670,0
7254624,0
7254806,0
7261216,0
7265398,0
7205440,0
7214382,0
7279118,0
7279292,0
7176690,0
7177084,1
7229960,0
7240140,0
7249234,0
7253888,0
7240852,1
7178228,0
7185952,0
7206336,0
7219514,0
7233912,0
7234970,0
7239138,0
7259024,1
7239854,0
7193262,0
7181036,0
7184208,1
7192190,0
7208376,0
7210464,1
7223592,0
7240660,0
7242090,0
7275522,0
7277128,0
7206352,0
7218548,0
7247198,0
7253980,0
7181242,0
7256322,0
7256400,0
7215180,0
7221468,0
7235516,0
7245160,0
7259354,1
7188060,0
7269960,0
7251132,1
7252390,0
7204842,0
7171298,0
7171790,0
7174932,0
7178306,0
7265638,0
7270638,0
7187018,0
7193058,0
7217568,0
7250874,0
7257940,0
7185192,0
7259244,0
7280488,1
7259928,0
7220532,0
7276692,0
7182260,0
7262542,0
7267046,0
7272622,1
7263876,0
7267942,0
7171922,1
7173080,0
7273514,1
7276298,0
7209378,1
7190666,0
7283584,0
7285776,0
7249328,1
7259820,1
7282796,0
7190068,0
7191482,0
7201070,0
7240998,1
7241504,1
7241520,0
7280832,1
7282512,0
7285156,0
7203410,0
7212020,0
7245648,0
7252018,1
7262888,0
7182554,1
7278706,0
7226480,0
7242792,0
7248252,0
7191930,0
7198960,0
7266070,0
7273430,1
7284914,0
7204692,0
7225992,0
7240350,1
7189854,0
7279496,0
7210716,0
7219700,0
7232194,0
7174756,0
7272806,0
7269922,0
7273302,0
7276874,0
7173846,0
7179716,0
7186102,0
7186216,0
7170226,0
7214772,0
7231000,0
7244958,0
7255694,0
7258000,0
7207548,1
7272744,0
7277724,0
7278520,0
7230754,0
7231220,0
7237986,1
7249332,0
7249692,1
7265012,1
7266334,1
7206540,0
7189934,0
7234192,0
7247896,0
7268050,0
7174816,0
7273698,0
7278760,1
7196942,0
7193272,0
7222454,0
7228044,0
7217132,0
7228278,0
7197250,0
7214478,1
7203526,0
7214008,0
7227548,0
7237334,0
7239100,0
7172281,0
7172293,1
7228865,0
7172373,0
7172403,0
7173693,0
7170117,0
7251345,1
7170399,1
7173989,0
7183647,0
7183727,0
7171003,1
7174709,0
7171033,0
7257173,1
7177929,0
7269677,0
7180827,1
7184485,0
7171097,1
7184633,0
7252993,0
7181185,0
7181757,1
7181975,0
7174297,0
7176215,0
7269751,0
7177765,0
7177877,0
7174541,1
7179257,0
7191217,0
7169615,0
7263459,1
7267435,0
7191885,0
7189337,0
7189367,0
7267859,0
7268463,0
7268487,0
7268533,0
7257379,0
7177989,0
7271889,1
7169817,0
7178381,0
7197609,0
7197757,0
7178959,0
7198019,0
7234817,0
7257809,0
7257827,1
7272545,0
7180063,0
7180939,0
7275785,0
7186855,0
7198319,0
7198541,0
7198697,0
7179219,1
7196567,0
7271683,0
7197119,0
7258759,0
7201277,0
7201661,0
7201715,1
7202461,1
7203691,0
7203779,0
7235019,0
7280375,0
7211449,0
7194867,0
7280449,0
7280467,0
7264227,0
7264273,1
7179989,0
7212409,0
7267751,0
7280565,0
7169997,0
7180329,0
7180417,0
7199607,0
7280613,0
7176659,0
7195003,0
7181835,0
7177283,0
7182001,0
7187129,0
7177723,1
7269089,0
7272763,1
7272259,0
7272265,1
7183697,0
7235393,0
7188819,1
7275675,0
7181557,1
7219779,0
7196135,0
7169911,0
7235513,0
7170021,0
7170053,0
7170087,0
7196273,1
7198367,0
7202883,0
7203003,0
7203073,1
7203451,1
7205185,1
7205269,0
7205299,0
7205767,1
7210559,0
7172165,0
7212827,0
7172857,0
7196889,0
7218201,0
7173035,1
7219531,0
7173105,1
7175683,0
7175727,0
7175959,0
7225373,0
7176323,0
7176707,0
7273215,0
7279645,0
7193395,1
7193467,0
7193677,0
7194155,0
7194287,0
7181783,0
7199955,0
7200265,1
7200285,0
7279715,0
7273499,0
7273923,0
7201617,0
7201897,0
7207189,0
7276059,0
7276159,0
7208927,0
7209693,0
7276495,0
7280079,0
7216513,0
7281907,1
7186437,0
7281957,0
7187049,0
7222753,0
7222891,0
7223125,0
7232485,0
7232761,0
7274459,0
7233163,1
7274475,1
7188849,0
7189065,0
7224471,1
7224505,0
7194825,1
7280425,0
7195561,1
7170003,0
7195855,0
7237373,0
7179433,0
7183523,1
7187667,0
7171829,0
7229297,0
7196425,0
7196565,0
7196577,0
7230029,0
7196957,0
7189603,0
7188127,1
7280581,1
7172113,0
7172153,0
7274733,0
7280611,0
7201453,0
7242121,0
7188793,0
7236991,0
7282157,1
7203067,0
7189569,0
7283461,0
7283485,0
7282189,0
7191183,0
7191199,0
7209753,1
7209951,0
7210065,1
7197115,1
7197587,0
7197857,0
7238499,0
7282251,0
7202405,0
7211125,1
7242593,1
7203207,0
7204001,0
7275315,0
7204851,0
7171507,0
7209955,0
7210027,0
7210041,0
7210259,1
7210687,0
7218051,1
7211445,0
7217333,1
7218179,0
7224039,0
7222763,0
7222795,0
7282403,0
7223597,0
7223757,1
7223777,1
7202711,0
7203027,0
7203077,1
7203525,0
7230965,1
7177365,0
7231177,0
7177807,0
7278417,0
7179081,0
7185243,1
7212161,0
7185733,0
7192609,0
7209339,0
7225365,1
7209577,0
7195149,0
7240305,0
7240331,0
7210187,0
7200427,0
7200581,0
7230225,0
7241055,1
7210651,1
7230537,0
7231245,0
7245867,0
7231461,0
7231507,0
7202551,0
7246305,0
7246319,0
7247357,1
7246417,0
7207827,0
7236373,0
7247443,1
7211803,0
7247397,0
7237369,0
7278939,1
7251451,0
7251777,0
7212947,0
7252343,0
7252405,0
7252469,0
7196479,0
7217263,0
7208875,0
7253073,1
7253175,0
7253203,0
7209187,0
7217491,0
7209651,0
7176943,0
7209911,0
7210279,0
7197779,1
7210453,0
7214687,0
7197987,0
7218133,0
7215037,1
7198485,0
7218469,0
7215479,1
7258903,1
7259049,0
7259177,0
7216163,0
7282129,0
7204717,0
7279137,1
7219605,0
7205645,1
7216757,0
7216843,0
7182571,0
7217353,0
7217483,0
7183239,0
7213035,0
7214131,0
7224175,0
7183967,0
7184007,1
7220685,0
7188113,0
7227355,0
7248465,0
7225561,0
7228469,0
7189027,0
7230011,1
7263983,0
7230251,0
7235235,0
7236435,0
7189733,0
7237113,0
7217925,0
7248693,0
7190835,0
7177667,0
7231563,0
7178505,1
7178619,0
7185833,0
7193791,0
7232477,0
7192545,1
7193175,0
7232931,1
7194647,1
7195005,0
7233789,0
7283779,0
7242925,0
7283809,0
7201777,0
7202397,0
7202671,0
7203129,0
7203183,0
7243909,0
7238819,0
7239457,0
7248659,1
7248687,1
7208893,0
7248875,0
7248963,0
7239829,0
7209233,0
7209251,0
7249591,0
7252735,0
7240559,0
7283679,0
7169315,0
7249525,0
7253713,1
7169319,0
7283737,1
7283909,1
7244245,0
7211161,0
7244279,0
7213361,0
7284041,0
7284127,0
7217613,0
7284207,0
7244649,0
7253397,0
7274077,0
7219553,0
7224117,0
7213213,0
7224543,0
7171289,0
7171369,0
7171645,1
7245705,0
7172155,0
7174185,1
7174277,0
7219051,0
7171225,0
7171411,0
7190325,0
7171463,1
7171753,0
7286181,0
7205083,0
7225499,1
7205189,1
7254023,0
7205357,0
7206097,0
7254069,0
7284353,0
7175423,0
7179971,0
7182763,0
7175481,1
7207169,0
7183189,0
7251055,0
7213385,0
7214189,0
7254289,0
7214639,0
7184879,0
7189329,1
7255297,1
7189767,1
7176755,0
7176809,1
7215347,0
7190279,0
7174241,0
7222931,0
7227661,0
7247415,0
7229623,0
7220761,0
7229823,0
7174643,1
7220969,0
7170851,0
7235755,1
7255903,1
7255955,1
7237293,0
7237397,0
7237507,0
7183813,0
7237585,1
7238699,0
7237637,0
7237681,0
7237797,1
7237989,0
7174983,0
7174995,0
7197445,0
7197547,0
7198681,0
7198783,0
7248619,0
7249261,0
7214327,1
7279585,1
7214355,0
7249633,0
7249803,0
7217293,1
7217775,0
7227045,0
7250565,0
7218967,1
7214363,1
7260505,0
7224129,0
7225437,0
7225597,0
7227741,0
7239239,0
7259689,0
7231613,0
7259925,0
7231847,0
7232333,0
7232641,0
7233395,0
7179455,0
7214677,1
7238615,0
7260967,0
7238663,1
7261137,0
7238917,0
7261419,0
7261457,1
7239411,0
7264781,0
7261535,1
7243689,1
7264245,0
7264545,0
7240789,0
7256703,0
7176655,0
7266163,0
7266171,0
7178957,0
7178989,0
7286261,0
7245321,0
7245501,0
7269683,0
7177379,0
7270149,1
7233935,0
7265551,0
7270315,0
7265787,1
7181845,0
7181863,0
7270497,0
7182791,0
7234383,1
7266133,0
7234525,1
7184107,0
7252039,1
7272771,1
7184091,0
7250019,1
7250135,0
7250207,0
7252357,1
7254403,0
7254679,1
7185197,0
7255993,0
7252745,0
7259727,0
7272859,0
7271167,0
7173161,1
7261393,1
7265217,0
7265237,0
7274265,1
7265919,0
7266053,0
7219499,0
7274349,1
7191405,1
7274417,0
7266511,0
7270279,0
7266587,0
7235705,1
7235785,0
7274571,1
7270129,0
7270349,1
7270355,0
7274695,0
7270715,0
7184327,0
7241019,0
7184657,0
7275267,0
7219675,0
7241119,0
7273329,0
7191313,0
7278237,0
7191719,0
7192177,0
7278493,1
7192797,0
7192875,0
7193749,1
7278727,1
7198259,0
7241525,1
7199053,0
7199813,0
7200307,0
7200425,0
7279333,0
7283165,0
7207447,0
7207643,0
7283173,0
7212701,1
7213323,0
7281031,0
7213453,0
7213851,0
7213859,0
7214253,0
7283241,0
7214861,0
7281211,0
7242377,0
7277137,0
7274569,1
7274611,0
7220789,1
7284615,1
7284631,0
7284661,1
7277469,0
7275213,0
7278005,1
7277539,0
7277577,0
7246549,1
7222213,0
7226921,0
7284893,0
7239417,1
7220299,1
7281731,0
7222501,0
7279305,0
7172979,0
7246797,0
7178299,1
7246881,0
7285649,0
7176949,0
7232689,0
7232989,0
7233275,0
7223131,0
7286269,0
7223691,0
7247563,0
7239647,0
7215375,0
7229737,0
7173349,0
7181257,0
7196495,0
7235583,1
7186011,0
7235997,0
7173479,0
7236869,0
7242253,0
7202423,1
7202457,0
7202813,0
7243217,0
7243615,0
7248511,0
7248615,0
7248599,0
7248621,0
7173175,0
7209053,1
7209099,0
7240797,1
7280015,1
7177633,0
7214763,0
7214865,0
7252281,0
7214935,0
7252549,0
7186085,0
7186789,0
7192081,0
7193309,0
7198111,1
7222323,0
7199407,0
7199859,0
7199897,0
7254487,0
7228185,1
7207093,0
7211979,0
7255103,0
7212829,0
7255199,0
7213365,1
7255525,0
7213585,0
7213749,0
7214093,0
7214171,0
7185557,0
7259499,0
7235223,0
7225195,0
7235439,0
7235457,0
7235475,0
7260001,0
7221623,0
7260387,0
7219067,0
7221693,0
7241233,1
7224911,1
7224937,0
7241757,1
7241961,0
7258349,0
7227325,1
7191961,0
7226935,0
7232127,0
7232435,0
7232517,0
7233227,0
7233377,0
7233639,0
7286341,0
7193039,0
7286349,0
7234815,0
7235033,0
7251817,0
7239393,0
7252147,0
7240095,0
7240123,0
7240261,1
7279839,1
7241261,0
7253161,0
7241491,0
7241713,0
7259581,0
7279921,0
7246723,0
7246791,0
7257027,0
7247753,0
7248297,0
7280019,0
7248535,0
7248767,0
7248857,0
7253309,0
7253651,0
7280085,0
7254323,0
7254631,0
7254767,0
7254993,1
7255031,0
7255229,1
7178113,1
7220887,0
7178805,0
7261589,1
7261671,0
7175359,1
7261721,0
7262011,1
7181125,0
7192067,0
7192309,0
7262199,1
7181849,0
7186451,0
7193199,0
7263989,0
7260229,0
7260765,0
7261065,0
7262961,0
7264843,0
7264857,0
7264913,0
7264929,1
7265201,1
7265581,0
7207781,0
7267183,0
7207983,0
7184907,1
7267559,0
7185475,0
7185551,0
7252969,1
7252995,0
7190467,0
7195345,0
7267955,0
7192053,0
7199539,0
7200869,1
7275299,0
7201291,0
7174609,0
7207731,0
7208631,0
7209641,0
7214567,0
7215307,1
7214609,0
7271945,0
7227569,1
7214751,0
7216951,1
7214849,0
7217521,1
7217849,0
7218165,0
7218283,0
7224771,1
7225021,0
7225483,0
7282745,0
7215613,0
7231689,0
7231713,0
7282853,0
7232867,0
7233097,0
7227747,0
7233483,0
7275479,0
7234841,0
7283035,0
7275529,0
7239719,0
7275613,0
7241079,0
7283121,0
7241433,0
7241459,0
7241555,0
7241795,0
7216933,0
7216983,0
7221285,0
7186207,0
7186733,0
7175105,0
7187553,0
7276015,1
7276037,0
7179473,0
7248445,0
7175751,0
7182747,1
7179969,0
7182889,0
7180357,0
7268367,0
7222897,0
7175881,0
7253451,0
7180831,0
7181281,0
7223337,1
7279091,0
7254717,0
7224247,0
7255437,0
7186525,1
7186553,0
7259143,0
7224697,1
7186895,0
7225193,1
7189971,0
7229047,0
7262145,1
7190223,0
7190525,0
7229951,0
7230051,0
7180285,0
7230311,1
7267035,0
7267185,0
7264409,0
7268189,0
7271245,1
7180899,0
7180933,0
7271529,0
7271989,0
7272179,0
7275497,0
7276083,1
7205223,0
7205809,0
7277183,0
7279787,0
7279903,0
7280283,0
7280427,0
7282495,0
7282583,0
7268727,0
7282781,0
7183495,0
7188533,0
7192439,0
7192661,0
7192697,0
7193079,0
7193125,1
7194835,0
7199235,0
7238411,1
7200511,1
7219221,1
7200819,0
7238659,1
7182555,0
7206751,0
7207267,1
7182869,0
7212777,0
7226525,0
7183121,0
7218191,1
7218531,0
7217543,0
7244033,0
7219293,0
7219509,1
7219525,1
7232543,0
7219749,1
7223625,1
7188891,0
7224135,0
7229249,0
7229653,0
7230987,0
7245389,0
7245753,0
7285947,0
7283989,0
7249637,1
7237181,0
7221581,1
7237415,0
7284111,0
7284149,1
7245273,0
7285993,0
7221813,0
7250337,0
7178711,0
7243399,0
7243551,1
7246455,0
7184711,0
7184751,0
7286055,0
7250881,0
7248129,0
7190107,0
7250523,0
7244683,0
7244717,0
7255321,0
7252719,0
7286105,0
7244877,0
7253327,1
7251317,0
7245579,0
7251487,0
7253857,0
7272507,0
7251981,0
7254297,0
7256117,0
7257109,0
7251125,0
7256919,0
7251341,1
7257753,0
7257307,0
7257915,0
7255969,0
7258215,0
7256111,0
7272735,0
7256277,0
7256509,0
7261919,1
7256565,1
7257869,0
7262009,0
7256863,0
7258267,0
7258301,0
7261993,0
7262633,0
7272957,0
7261983,0
7266391,0
7263447,0
7262265,0
7267057,0
7267313,0
7267515,0
7267571,0
7267495,0
7185441,0
7267637,0
7262555,0
7267875,0
7185973,0
7186663,0
7268215,0
7187097,0
7187877,0
7268459,0
7193699,0
7193939,0
7194679,1
7195103,0
7268891,0
7200081,0
7200563,0
7200731,1
7201367,0
7201427,1
7191287,0
7207487,0
7274101,0
7209093,1
7172879,1
7210645,0
7214759,1
7214805,0
7175327,0
7215693,0
7222491,0
7222597,1
7273877,0
7277009,0
7223183,1
7187383,0
7183075,1
7183163,0
7274107,0
7229659,0
7229917,0
7179993,0
7230257,0
7184445,1
7180501,0
7180677,0
7271499,0
7180893,0
7235883,0
7275327,1
7183321,0
7236407,0
7276931,0
7228177,0
7237555,1
7194347,0
7181709,0
7181883,0
7181969,1
7187691,0
7182011,0
7242733,0
7243097,0
7277181,0
7182665,0
7243859,0
7175921,0
7193793,1
7247871,0
7248017,0
7248513,0
7244097,0
7199035,0
7244703,0
7176203,0
7249497,0
7256637,0
7176349,1
7277751,0
7250109,0
7228887,0
7254857,0
7200491,1
7176647,1
7259259,0
7189721,1
7176887,0
7264267,0
7194379,0
7180133,0
7227831,0
7180653,0
7200985,0
7194961,0
7187513,0
7227901,0
7193653,0
7278399,0
7194747,0
7196061,0
7196111,1
7278459,0
7196429,0
7208817,0
7209807,0
7206851,1
7278539,1
7195963,0
7216369,0
7280945,0
7206871,0
7217143,0
7217279,0
7281043,0
7223075,0
7281295,1
7281307,0
7281173,1
7281567,0
7265689,0
7225693,1
7225871,0
7281729,0
7281963,0
7231309,0
7280887,0
7231619,0
7269239,0
7269331,1
7269363,0
7269665,0
7278689,0
7233453,1
7278731,0
7278737,0
7280927,0
7208183,0
7208229,0
7239551,1
7239717,0
7208475,0
7213155,0
7245145,0
7213309,0
7246195,0
7246513,0
7250833,0
7271815,0
7251149,0
7251245,0
7196129,0
7271959,1
7202563,0
7203037,0
7203565,0
7220385,0
7208945,0
7220731,0
7220941,0
7224693,0
7171563,0
7171705,0
7209221,1
7264579,0
7177233,0
7225943,0
7177967,0
7178033,0
7180415,0
7180519,0
7175011,1
7181009,0
7189667,0
7274373,0
7175131,0
7190639,1
7214967,0
7191363,0
7175741,0
7192029,0
7192039,0
7236637,0
7236657,0
7236667,0
7176083,1
7178071,0
7197637,0
7237499,0
7237571,0
7266211,1
7197999,0
7241941,0
7269951,0
7242127,1
7196979,0
7242245,1
7198559,0
7270369,1
7270523,0
7270613,0
7270781,0
7270927,0
7270993,0
7197061,0
7274591,0
7243025,0
7197095,0
7274839,0
7275329,0
7275503,0
7275653,0
7277205,0
7280239,0
7198975,0
7251223,1
7193989,0
7251543,0
7251637,0
7251903,0
7206775,0
7196713,0
7214755,0
7256287,0
7221213,0
7221425,0
7226889,0
7226901,0
7227153,0
7196953,0
7257243,0
7257269,0
7216337,0
7228575,0
7234159,0
7234235,1
7235335,0
7261035,0
7241505,0
7201395,0
7195353,0
7242565,0
7261515,0
7217571,0
7195603,0
7248491,0
7282021,0
7222099,0
7253541,0
7222355,0
7254225,0
7236065,0
7222725,0
7199841,0
7222881,0
7259923,0
7222979,0
7264621,0
7223315,0
7265133,0
7268973,0
7192049,0
7200341,0
7269081,0
7269113,0
7264905,0
7269615,0
7200515,0
7224027,0
7281585,1
7281465,0
7224139,1
7265135,0
7281753,0
7200709,0
7200761,0
7270607,1
7265329,1
7185595,0
7200907,0
7182005,0
7229757,0
7274705,0
7199577,0
7201377,0
7230187,0
7274903,0
7275093,0
7191759,0
7275205,0
7197327,0
7275369,1
7278149,0
7230895,0
7192357,1
7198267,0
7201841,1
7266307,1
7279257,0
7262001,0
7262161,0
7269387,0
7236717,0
7262543,0
7281785,0
7269791,0
7266481,0
7266615,0
7233591,0
7269955,0
7207347,0
7266881,0
7266963,0
7270013,0
7270053,1
7270077,1
7270913,0
7238277,0
7238299,0
7271651,0
7238377,0
7238423,0
7274511,0
7274773,0
7199653,1
7200213,0
7239205,0
7201247,1
7201725,0
7208351,1
7207895,0
7283449,1
7243657,0
7209129,0
7209405,0
7209703,0
7210157,0
7210271,0
7208635,0
7215247,0
7237045,0
7216615,0
7216853,0
7237105,0
7222749,0
7273761,0
7284821,0
7230631,0
7231225,0
7232233,0
7232263,0
7284939,0
7245239,0
7232815,0
7245333,1
7238015,0
7285363,0
7239995,0
7200759,0
7239517,0
7244935,1
7204377,0
7201041,0
7245567,0
7246141,0
7246191,0
7214445,0
7246521,0
7250481,0
7250519,0
7250743,1
7251243,1
7214651,1
7250309,0
7206813,0
7257107,0
7277297,0
7257703,0
7212609,0
7262157,1
7254683,0
7178679,0
7178775,0
7262483,0
7214015,0
7255491,0
7180193,0
7214357,0
7180829,0
7267391,0
7218975,0
7184195,0
7220163,0
7220235,0
7186347,0
7256169,0
7220901,0
7216089,0
7272533,0
7272761,0
7226361,0
7226497,1
7281593,0
7276133,0
7227067,0
7220781,1
7254983,0
7190249,0
7260093,0
7240049,0
7255079,0
7276795,0
7190421,1
7277151,0
7260517,0
7280231,0
7259401,0
7259475,0
7233735,0
7260461,0
7260595,1
7234543,0
7280795,0
7261017,0
7280831,0
7264053,1
7221627,0
7235185,0
7261413,1
7240263,0
7269873,0
7222009,0
7222033,0
7241343,0
7222055,0
7273065,0
7241537,0
7273587,0
7273809,0
7265441,0
7265505,0
7265517,0
7190643,0
7190675,0
7190849,0
7191133,0
7245863,0
7192033,1
7197295,0
7197859,0
7265979,0
7222475,0
7198625,0
7266083,0
7198799,0
7199747,0
7266243,0
7204931,0
7206131,0
7206767,0
7252143,0
7252371,1
7252763,0
7214139,0
7214161,0
7170301,0
7218893,1
7219201,0
7219311,0
7219619,0
7220255,0
7220759,1
7225703,0
7226991,0
7258231,0
7227475,0
7232837,0
7233281,1
7258787,1
7233519,1
7258919,0
7228087,0
7259043,1
7262449,1
7240329,0
7240353,0
7240683,0
7240869,0
7240975,0
7285497,0
7245357,0
7255279,0
7245611,0
7246013,0
7277189,0
7171015,0
7178207,0
7267365,0
7201525,1
7263633,0
7179911,0
7177447,1
7170043,0
7182993,0
7195287,1
7188059,1
7188413,1
7272875,0
7275701,0
7189999,0
7170139,0
7205737,0
7172237,0
7211633,0
7213331,0
7213791,0
7276705,0
7181361,0
7188803,1
7227273,0
7185693,1
7222563,0
7274553,0
7282111,0
7280401,0
7195077,1
7196351,0
7204149,1
7217269,1
7216587,0
7224691,0
7172947,0
7172957,0
7238265,0
7193667,0
7200629,0
7230759,0
7212107,0
7239911,0
7278959,0
7197795,0
7203663,0
7216917,0
7182857,0
7213291,0
7183781,1
7188353,0
7225833,1
7264033,0
7237221,0
7196283,0
7193461,0
7240313,0
7244141,0
7171139,1
7171195,0
7171259,0
7171731,0
7249791,1
7286139,0
7213151,0
7231477,1
7189715,0
7211505,1
7256803,1
7178627,1
7224021,0
7261311,1
7261033,0
7238847,0
7239771,0
7243403,0
7172945,0
7244987,0
7190621,0
7266263,0
7270493,0
7270499,0
7185717,1
7208031,0
7241493,0
7279357,1
7212039,0
7283195,1
7219033,0
7281515,0
7225957,0
7284845,1
7277871,0
7279847,0
7177103,0
7233589,0
7243543,1
7248315,0
7208275,0
7178345,0
7178437,1
7173223,0
7205143,0
7254805,0
7254003,0
7225617,0
7219029,0
7219167,0
7241769,0
7194271,0
7254061,0
7254581,0
7255251,0
7260705,0
7265447,1
7182523,0
7192831,1
7199509,0
7199525,0
7271213,0
7272011,0
7275071,0
7275101,0
7282809,0
7181893,0
7221785,0
7187259,0
7271437,1
7279951,0
7280151,1
7237489,0
7219921,0
7224967,0
7217989,0
7188937,0
7245843,0
7248411,1
7252825,0
7222281,0
7256443,0
7257073,0
7257747,0
7187115,1
7196625,0
7202545,1
7208011,0
7210655,0
7215701,0
7175625,1
7183763,0
7184347,0
7187621,0
7178819,0
7243233,0
7243849,1
7244229,0
7244915,0
7253517,0
7176273,0
7249877,0
7259529,0
7229371,0
7264731,0
7280971,0
7280975,0
7269027,0
7232067,0
7203655,0
7208177,0
7280939,0
7218995,0
7219349,0
7220513,0
7171815,0
7180579,0
7175911,0
7197271,0
7265733,0
7266325,0
7270361,0
7270679,0
7197315,1
7248135,1
7252325,0
7236227,0
7242137,0
7281397,1
7264757,1
7270251,0
7265563,0
7274037,0
7274335,0
7230201,0
7202103,0
7262839,0
7274739,0
7200935,0
7201831,0
7202195,0
7208421,1
7223835,0
7230371,1
7237725,0
7244219,1
7246485,0
7250147,0
7206539,0
7207259,0
7215193,0
7213197,1
7219467,0
7220391,0
7221375,0
7227895,0
7261619,0
7269491,0
7273539,1
7199685,0
7240511,0
7253471,0
7240583,0
7176437,1
7179003,1
7174685,0
7263497,0
7268307,0
7195915,0
7271671,0
7201891,0
7211173,1
7176397,1
7180947,0
7189005,1
7235629,1
7204555,0
7212983,1
7273885,1
7207991,0
7221863,0
7222237,1
7228331,0
7282031,0
7233199,0
7204271,0
7216527,1
7218693,0
7169081,0
7179519,0
7246811,0
7207923,0
7247067,0
7253021,0
7182617,0
7183453,0
7218609,1
7225033,0
7263683,1
7248533,0
7231033,0
7184841,0
7282195,1
7243635,0
7247879,0
7248921,0
7249235,0
7273145,0
7249539,0
7244205,0
7274031,1
7285017,1
7225187,0
7207755,0
7184697,0
7232173,1
7255601,0
7170147,0
7255793,1
7255989,0
7243149,0
7256537,0
7260937,0
7259973,0
7261279,0
7286223,1
7177215,0
7270445,1
7249541,0
7266487,0
7254977,0
7274665,0
7219547,0
7270899,0
7191581,0
7200079,0
7279097,0
7213581,0
7277261,0
7284641,0
7233187,0
7247379,0
7195283,0
7184603,0
7252411,0
7191967,0
7206987,0
7212681,0
7260041,0
7218823,0
7245583,0
7231975,0
7193447,1
7255207,0
7258959,0
7263469,0
7179847,0
7266493,0
7210111,0
7271867,0
7240913,0
7253377,0
7257517,1
7254913,1
7182045,0
7189145,0
7187241,0
7187581,1
7267709,0
7276691,0
7236581,0
7239007,0
7211093,0
7188637,0
7219355,1
7233341,0
7225173,0
7235417,0
7245483,1
7183169,0
7247649,1
7248189,0
7272431,0
7245507,0
7250085,1
7261921,0
7263499,1
7267027,0
7194061,0
7221559,0
7222205,0
7175769,0
7180061,0
7236707,0
7183969,0
7247823,0
7188213,0
7249729,0
7277821,0
7176549,1
7177105,0
7281123,0
7203005,0
7210551,0
7281137,0
7232091,0
7278655,1
7268269,0
7212729,0
7240285,0
7245237,0
7213593,1
7246425,0
7170411,0
7203809,0
7171437,0
7178817,0
7189605,0
7189885,0
7190219,0
7215523,0
7270555,0
7251893,0
7221885,1
7222367,0
7222789,1
7260337,1
7264125,1
7264811,0
7179353,0
7265681,0
7231553,0
7244897,0
7244911,1
7277567,0
7212577,1
7255867,0
7272955,0
7260063,0
7260439,0
7280811,0
7197789,0
7266047,0
7282361,0
7218551,0
7259035,0
7228629,0
7252429,0
7171147,0
7256511,1
7174115,0
7169125,1
7169439,1
7271869,0
7198189,1
7194535,0
7196813,0
7258751,0
7211977,0
7187535,0
7272475,0
7272825,0
7190243,0
7169861,0
7196931,0
7172625,0
7218593,0
7219159,0
7225789,0
7273907,0
7222815,0
7235327,1
7188283,0
7210739,0
7224723,0
7173273,0
7173363,0
7178259,0
7179327,0
7185479,1
7193951,0
7210943,1
7211693,0
7237557,0
7169087,0
7196907,0
7198497,0
7258833,1
7204731,0
7279141,1
7219015,0
7263691,1
7190025,0
7202345,0
7243593,0
7199015,0
7248787,1
7210495,0
7210571,0
7250201,0
7250305,0
7226171,1
7213567,0
7232187,0
7255961,0
7277679,0
7249337,0
7212875,0
7178731,0
7228191,0
7238871,0
7264755,0
7265325,0
7282767,1
7246741,0
7181929,1
7184275,0
7270909,0
7265295,0
7170329,0
7270569,0
7185889,0
7171099,1
7199245,0
7200161,0
7205723,0
7206361,0
7207157,0
7283203,0
7226229,1
7176813,0
7285653,0
7177401,0
7286231,0
7286299,0
7224137,0
7248305,0
7249527,0
7186217,0
7216573,0
7222133,0
7205835,0
7179549,0
7258939,0
7225309,0
7280567,0
7237939,0
7248817,0
7253053,0
7174159,0
7170215,0
7260475,0
7260869,1
7208645,0
7217983,1
7224649,0
7225175,0
7232323,1
7175123,0
7186359,0
7279731,0
7282609,0
7282901,0
7240875,0
7199297,0
7201013,0
7205267,0
7206927,0
7207525,0
7240381,0
7245877,1
7243371,1
7181109,1
7254373,1
7250445,1
7263671,0
7267155,0
7194533,0
7208971,0
7209547,0
7215545,1
7230705,0
7235301,0
7190555,1
7276939,0
7184041,0
7176031,0
7275431,0
7259879,0
7259955,0
7229347,1
7211025,0
7278909,0
7264909,0
7264953,0
7280881,0
7231607,0
7233697,0
7238217,0
7240693,0
7251935,0
7252301,0
7219773,0
7195891,1
7171371,0
7171839,0
7189375,0
7230757,0
7190297,0
7269963,0
7248103,0
7194011,0
7184295,0
7200429,0
7179243,0
7187757,0
7230141,0
7186909,0
7230385,0
7197643,0
7192641,0
7267397,1
7270623,1
7270105,0
7239223,0
7245183,1
7237807,0
7240011,0
7246091,0
7277197,0
7219581,1
7276123,0
7254921,0
7259999,0
7259643,0
7265265,0
7241161,0
7241445,0
7273387,0
7246523,0
7247087,0
7266199,0
7266611,1
7170079,0
7170153,1
7252159,1
7171395,0
7257549,0
7177995,1
7191117,1
7188419,0
7173475,0
7196603,0
7203897,0
7179953,0
7272297,0
7269059,0
7180869,0
7218223,0
7187883,0
7188233,0
7181463,0
7181875,0
7270659,0
7170103,0
7276061,0
7276421,0
7225895,0
7226951,1
7280011,1
7235783,0
7228983,0
7230635,1
7189751,0
7197809,0
7202459,0
7242689,0
7210839,0
7219443,0
7225073,0
7230909,0
7278501,0
7212463,0
7231679,0
7205691,0
7195687,0
7197093,1
7197651,0
7197811,0
7258445,0
7215357,1
7202725,0
7215683,0
7183299,0
7224147,0
7219543,0
7221023,0
7282877,0
7186111,1
7196221,0
7269713,1
7248973,0
7239725,0
7283625,0
7210967,0
7213329,1
7174505,0
7285997,0
7219521,1
7207043,0
7190777,0
7284393,1
7241435,0
7191041,0
7174795,0
7237305,0
7170891,0
7231193,0
7179335,1
7261495,0
7263991,0
7265499,0
7183899,0
7254635,0
7269901,0
7264977,0
7187161,1
7266353,1
7270043,1
7273177,0
7198337,0
7199971,0
7206257,0
7213731,1
7219755,0
7220533,0
7222329,0
7227075,0
7285517,0
7178357,0
7227861,1
7173029,0
7173201,0
7177417,0
7234379,0
7177493,0
7215417,0
7215427,0
7178245,0
7253243,0
7205665,0
7173317,1
7234433,0
7235543,0
7241687,1
7246429,0
7251461,1
7238097,0
7251563,0
7279821,0
7240691,0
7247329,0
7248487,0
7178153,0
7239881,0
7261049,0
7199583,0
7201719,0
7208921,1
7218723,1
7216121,0
7175537,0
7284401,0
7259409,1
7241341,0
7247493,0
7185359,0
7257483,0
7250357,0
7190489,0
7256883,0
7257141,0
7266645,0
7181435,0
7263491,0
7272243,0
7223139,0
7229349,0
7178567,0
7243737,0
7249563,1
7195993,0
7176467,1
7181561,0
7217879,1
7200417,0
7268055,0
7269867,1
7207867,1
7208111,0
7240393,0
7278951,0
7236703,0
7224841,0
7188521,0
7180629,0
7191319,0
7192121,0
7270801,0
7215567,0
7274471,0
7243185,0
7246909,0
7275531,0
7221907,0
7261221,0
7241423,0
7258945,1
7259635,0
7258621,0
7193185,0
7281547,0
7198999,1
7199069,0
7266485,0
7274929,0
7273283,0
7200465,0
7273401,1
7273509,0
7208943,0
7232111,0
7238489,0
7250625,0
7263333,0
7255141,1
7227871,0
7221081,0
7233785,0
7261343,0
7197329,0
7228817,0
7252083,0
7174073,0
7229557,0
7267771,0
7267841,0
7275795,0
7268749,0
7276873,0
7209767,1
7181271,0
7196453,0
7185601,0
7200519,0
7216219,0
7186197,0
7195581,1
7179739,0
7172137,0
7242729,0
7217947,0
7211233,0
7211703,0
7212439,0
7217437,1
7223079,0
7225657,0
7204563,1
7193891,1
7238979,0
7241247,0
7237355,0
7196271,1
7208305,0
7218731,0
7221337,0
7229767,0
7237311,0
7177389,0
7242487,0
7238063,1
7202017,1
7198257,0
7203413,1
7272929,0
7249181,0
7169571,0
7273711,0
7284315,0
7224815,0
7171505,0
7174677,0
7190335,0
7172425,1
7175777,0
7189341,1
7238727,0
7243753,0
7254621,1
7261039,0
7179361,0
7260653,0
7265211,1
7243791,0
7264695,0
7266075,0
7249761,1
7184615,0
7265131,0
7266039,0
7269803,0
7270213,0
7273135,0
7185297,0
7191753,0
7283015,0
7205079,0
7206075,1
7206991,1
7213623,0
7274543,0
7284667,1
7226009,0
7192109,0
7173483,0
7237627,1
7173781,0
7177707,0
7211793,0
7260195,0
7186779,1
7220661,0
7220697,1
7258237,0
7226077,1
7245715,1
7258529,0
7280601,0
7232535,1
7247591,0
7233929,0
7279811,0
7241627,1
7246637,0
7257757,0
7267009,0
7267797,0
7208063,0
7223619,0
7226915,1
7179503,0
7249019,0
7285229,0
7262191,0
7260609,0
7263015,1
7180439,0
7280583,0
7195013,0
7218543,0
7200675,0
7243787,0
7219341,1
7269199,0
7234577,0
7284009,0
7250749,0
7222059,1
7172809,0
7246295,1
7261979,0
7267447,1
7182173,0
7186341,1
7184141,0
7271155,0
7267011,0
7249771,1
7176345,0
7200011,0
7259321,1
7259371,0
7186627,0
7188557,0
7195821,0
7217211,0
7281233,0
7224587,0
7281171,0
7281967,0
7244693,0
7246049,0
7236731,0
7203695,0
7207341,0
7171363,1
7171473,0
7230117,0
7214737,0
7196633,0
7175773,1
7192617,0
7236791,0
7192827,1
7276701,0
7270703,0
7215605,0
7253993,1
7274055,0
7200415,0
7261965,0
7238127,0
7238873,0
7275561,0
7273579,0
7284729,0
7223865,0
7178709,1
7215503,1
7255585,1
7272123,0
7221403,0
7254901,0
7254931,0
7281641,0
7264607,1
7261631,0
7265271,1
7265913,1
7252567,0
7218649,0
7257349,0
7227995,0
7258805,0
7172097,0
7183557,1
7174313,0
7180159,0
7182685,0
7182793,1
7263363,1
7178049,0
7271985,0
7173563,0
7176253,0
7182131,0
7269025,0
7181759,1
7171797,0
7270923,0
7276659,0
7216143,0
7241797,0
7179777,1
7204133,0
7197625,0
7204123,1
7283889,0
7204493,0
7226803,1
7203307,0
7209995,0
7230061,0
7244855,0
7252643,0
7220881,0
7222005,0
7282915,0
7228555,0
7228979,0
7229439,0
7189665,0
7193357,0
7283605,0
7197797,0
7201375,1
7243101,0
7243285,0
7240105,0
7285077,0
7171741,0
7172109,0
7225645,0
7214891,0
7189679,0
7221641,0
7220409,1
7174455,0
7238709,0
7197725,1
7243971,0
7279605,0
7244277,1
7233255,0
7207575,1
7249335,0
7270643,0
7252881,0
7274185,1
7184345,0
7191799,0
7193115,0
7198297,0
7211835,0
7281077,0
7219043,0
7278735,0
7246727,0
7176609,0
7247055,0
7230625,0
7220701,0
7200889,1
7248349,0
7253977,0
7251975,0
7185505,0
7199115,0
7199797,0
7178149,0
7254503,0
7178997,0
7213573,0
7259817,0
7225519,0
7177769,0
7240933,0
7258581,0
7240223,1
7259759,0
7253547,0
7280727,1
7255105,1
7264093,0
7264919,0
7207095,0
7271097,0
7215893,0
7272183,0
7218197,1
7235027,0
7247491,0
7257335,0
7187881,0
7257497,0
7180089,1
7180585,1
7223325,0
7285357,0
7179651,1
7189807,0
7229827,0
7197661,0
7272021,0
7200257,0
7207029,0
7213471,0
7227381,0
7232509,0
7225239,0
7240241,0
7284039,1
7245055,0
7243327,0
7247221,0
7255429,0
7245001,0
7251143,1
7245857,1
7251897,1
7255949,0
7262277,0
7223059,1
7193825,1
7209381,0
7172401,1
7270585,0
7175883,1
7180957,0
7183477,0
7179443,0
7176501,0
7256043,0
7206515,0
7194807,0
7178011,1
7182641,0
7224957,0
7281751,0
7231295,0
7269467,0
7207869,0
7233173,0
7213757,1
7252811,0
7203847,0
7177345,0
7178499,0
7175109,1
7191073,0
7265307,0
7277105,1
7270823,1
7277231,0
7279353,0
7279581,0
7277527,1
7277337,0
7199401,1
7278487,0
7220955,0
7201199,0
7195323,0
7242933,0
7281383,0
7184457,0
7191061,0
7192113,0
7194213,0
7274387,0
7278527,0
7279497,0
7232225,1
7263401,0
7238771,0
7201923,0
7209173,0
7209479,0
7243931,0
7208883,1
7245039,0
7205007,0
7246441,0
7257407,0
7215465,0
7215871,1
7220721,0
7220743,1
7256659,0
7185623,0
7234067,0
7204573,0
7206421,0
7219797,1
7233777,0
7174789,1
7190529,0
7169121,0
7197257,1
7178697,0
7263041,0
7203237,0
7211331,0
7280671,0
7184261,0
7181585,1
7170401,0
7204077,1
7205197,1
7225335,0
7176563,0
7279603,0
7201951,0
7279849,0
7207327,1
7215273,0
7171843,1
7194187,0
7196177,0
7207121,1
7211555,0
7219021,0
7226271,0
7177419,0
7231811,0
7232691,0
7233263,0
7187631,0
7240837,0
7230165,1
7190925,1
7251513,0
7247681,1
7217507,1
7183317,0
7213867,0
7220547,0
7178473,0
7187405,0
7193949,1
7197709,0
7243349,0
7243373,0
7239023,0
7169805,0
7174415,0
7172743,1
7182587,0
7213435,1
7176405,0
7190095,0
7254569,0
7174693,0
7170849,0
7205175,0
7248675,0
7227033,0
7178783,0
7231499,0
7238589,0
7243347,0
7202733,1
7233649,0
7252011,0
7234701,0
7273821,0
7269715,0
7273655,1
7218017,1
7191231,0
7191699,1
7192383,0
7273547,1
7212093,0
7220009,0
7279753,1
7284587,1
7226061,1
7226221,0
7285635,0
7173061,0
7223621,0
7239313,0
7195431,0
7237401,0
7208675,1
7176619,0
7191541,0
7254583,0
7213685,0
7280415,0
7260051,0
7173949,1
7225945,0
7225925,0
7226083,0
7227339,0
7231889,0
7240109,1
7240617,0
7253127,0
7262937,0
7179927,0
7264261,0
7264357,1
7181069,0
7267657,0
7201541,0
7207543,1
7208793,0
7174765,0
7174875,0
7218211,0
7240107,0
7276031,0
7175887,0
7181245,0
7280355,0
7280381,0
7210849,0
7282545,0
7237319,0
7182449,0
7238559,0
7240147,0
7244417,0
7250097,0
7262187,0
7263535,0
7262471,0
7188999,0
7193991,1
7195457,0
7200167,0
7183619,0
7209077,0
7173173,0
7229675,0
7183651,0
7241901,0
7187673,0
7255693,0
7267273,0
7201289,0
7202421,0
7208755,0
7278591,0
7210109,0
7280951,0
7224149,0
7238325,0
7170403,0
7218981,0
7256681,0
7206255,0
7225867,0
7180153,0
7230809,0
7274415,0
7175443,0
7192563,0
7271321,0
7279199,0
7279267,0
7280159,0
7280501,0
7199603,1
7216557,0
7242029,1
7195759,0
7180985,0
7270177,1
7210091,1
7238351,0
7238749,0
7257561,0
7178553,0
7213667,0
7179539,0
7218899,0
7255771,0
7220347,0
7220755,0
7272049,0
7258953,0
7265121,0
7241319,0
7197871,0
7219603,0
7276721,1
7228929,0
7171013,0
7171071,0
7269653,0
7174053,0
7252975,0
7263273,0
7268787,0
7271567,0
7177151,0
7177311,0
7173605,0
7276107,0
7202023,1
7271795,0
7234959,0
7276855,0
7179311,0
7179981,0
7199405,1
7176321,0
7268827,0
7270717,0
7205031,1
7220745,1
7176065,1
7276665,0
7279775,1
7276141,0
7223031,1
7197299,0
7197371,0
7203481,0
7224231,0
7225363,0
7278287,1
7172779,0
7173137,1
7173207,0
7185783,0
7194321,0
7194965,0
7200269,1
7201431,0
7209873,0
7253701,0
7202805,0
7171341,1
7226043,0
7189543,1
7231187,1
7195217,0
7203203,0
7239427,0
7252813,0
7243833,0
7273503,0
7217041,0
7217317,0
7213545,0
7218643,0
7169627,0
7285003,1
7274281,0
7172175,1
7172527,0
7182515,0
7180035,0
7254149,0
7272673,1
7232897,0
7220257,0
7240613,0
7197743,0
7202705,0
7243911,0
7249277,0
7249925,0
7255121,0
7250931,1
7251753,1
7249099,0
7249959,0
7184199,0
7250275,0
7186805,0
7261037,0
7171037,0
7270343,0
7273973,1
7270925,0
7273275,0
7198993,0
7281143,0
7277195,0
7274865,1
7278691,0
7227315,0
7228147,0
7285719,0
7233289,0
7286291,0
7239443,0
7224675,0
7230137,0
7236803,0
7248197,0
7253217,1
7186643,0
7185097,0
7199041,0
7254169,0
7223229,0
7205525,0
7213825,0
7259719,0
7259781,0
7260623,0
7226503,1
7286343,1
7174097,0
7184731,1
7261087,0
7267705,0
7191255,0
7201619,0
7207655,1
7218497,0
7224249,0
7227149,0
7233011,0
7221367,0
7185871,0
7275885,0
7284427,0
7254827,0
7263313,0
7198735,0
7271997,0
7279759,0
7282557,0
7187975,0
7198977,0
7205869,0
7207003,0
7225481,0
7226441,1
7224489,0
7229491,0
7249607,0
7253653,0
7254017,0
7245941,0
7256407,0
7257295,0
7256501,0
7256525,0
7258073,0
7266527,0
7188603,0
7215253,0
7215727,1
7270859,0
7242791,0
7249531,0
7264075,0
7264283,1
7194731,1
7203167,0
7218107,0
7268725,0
7268751,0
7200435,0
7268967,0
7209249,1
7179237,0
7185383,0
7190121,0
7176121,1
7178539,0
7270033,0
7220529,0
7194627,0
7256437,0
7247217,0
7195789,1
7281399,0
7193147,0
7232137,0
7281645,1
7262945,0
7269809,0
7266477,0
7238527,0
7243729,0
7284633,0
7204587,0
7209263,0
7258487,1
7255189,0
7273029,0
7276635,1
7227757,0
7233535,0
7280675,0
7221475,0
7240323,0
7269213,0
7273279,0
7245221,0
7265949,0
7211635,0
7170615,0
7227589,1
7263111,0
7228663,0
7173661,0
